username,donation,location,twitch_url,avatar,avatar_online_url
0uahleouff,7 917,À distance,https://twitch.tv/0uahleouff,avatars/0uahleouff.png,https://static-cdn.jtvnw.net/jtv_user_pictures/86c8701b-f603-444b-bc7f-f86c9c75f899-profile_image-300x300.png
2old4stream,5 501,À distance,https://twitch.tv/2old4stream,avatars/2old4stream.png,https://static-cdn.jtvnw.net/jtv_user_pictures/97efec90-2f02-41bb-91d8-d2553d826159-profile_image-300x300.png
adyboo,3 005,À distance,https://twitch.tv/adyboo,avatars/adyboo.png,https://static-cdn.jtvnw.net/jtv_user_pictures/2e27f778-f98e-4194-aeb3-747774a6ed5e-profile_image-300x300.png
airkagaming,3 402,À distance,https://twitch.tv/airkagaming,avatars/airkagaming.png,https://static-cdn.jtvnw.net/jtv_user_pictures/a8473ef4-da48-4ec1-9063-b7165536cb26-profile_image-300x300.jpeg
Alexclick,47 129,À distance,https://twitch.tv/alexclick,avatars/Alexclick.png,https://static-cdn.jtvnw.net/jtv_user_pictures/8d31c289-2ea2-4fad-b0a7-09c6f4027cd9-profile_image-300x300.png
allmight__one,873,À distance,https://twitch.tv/allmight__one,avatars/allmight__one.png,https://static-cdn.jtvnw.net/jtv_user_pictures/ad04da28-3ac0-485e-b5e5-0f7843b1b659-profile_image-300x300.png
AlphaCast,126 123,Sur place,https://twitch.tv/alphacast,avatars/AlphaCast.png,https://static-cdn.jtvnw.net/jtv_user_pictures/329b27f2-a551-453d-af5c-bd6b21f826c7-profile_image-300x300.png
Anaee,12 451,À distance,https://twitch.tv/anaee,avatars/Anaee.png,https://static-cdn.jtvnw.net/jtv_user_pictures/c56f900e-57d0-4749-8303-2271501dad0d-profile_image-300x300.png
AnaOnAir,4 130,À distance,https://twitch.tv/anaonair,avatars/AnaOnAir.png,https://static-cdn.jtvnw.net/jtv_user_pictures/23c1c4bc-1465-43e9-9dcd-251afccf1073-profile_image-300x300.png
AngleDroit,568 759,Sur place,https://twitch.tv/angledroit,avatars/AngleDroit.png,https://static-cdn.jtvnw.net/jtv_user_pictures/a10c6842-c915-4cce-8779-507791763de8-profile_image-300x300.png
Antistar,7 630,À distance,https://twitch.tv/antistar,avatars/Antistar.png,https://static-cdn.jtvnw.net/jtv_user_pictures/5d342fbd-e24b-402b-9c05-35fe04d4e445-profile_image-300x300.png
AntoineDaniel,1 218 838,Sur place,https://twitch.tv/antoinedaniel,avatars/AntoineDaniel.png,https://static-cdn.jtvnw.net/jtv_user_pictures/7474d9d8-ab27-46c8-95f4-0c71b1878c78-profile_image-300x300.png
arnaquemoisitupeux,2 225,À distance,https://twitch.tv/arnaquemoisitupeux,avatars/arnaquemoisitupeux.png,https://static-cdn.jtvnw.net/jtv_user_pictures/e0c3b612-717c-4cfb-af81-db2f5a3a7c40-profile_image-300x300.jpeg
Artemize,3 003,À distance,https://twitch.tv/artemize,avatars/Artemize.png,https://static-cdn.jtvnw.net/jtv_user_pictures/cb9cf71d-eb16-4ff3-b2de-65ae8af674d0-profile_image-300x300.png
As2piK,5 195,À distance,https://twitch.tv/as2pik,avatars/As2piK.png,https://static-cdn.jtvnw.net/jtv_user_pictures/c6ca3f86-d8df-46df-97ce-edd58f1c7367-profile_image-300x300.png
AVAMind,104 323,Sur place,https://twitch.tv/avamind,avatars/AVAMind.png,https://static-cdn.jtvnw.net/jtv_user_pictures/7611726d-3398-4231-8a33-cae5c0edad15-profile_image-300x300.png
Azghaaar,4 615,À distance,https://twitch.tv/azghaaar,avatars/Azghaaar.png,https://static-cdn.jtvnw.net/jtv_user_pictures/026e9f19-de36-4495-bcdd-2c97881df78d-profile_image-300x300.png
BagheraJones,135 327,Sur place,https://twitch.tv/bagherajones,avatars/BagheraJones.png,https://static-cdn.jtvnw.net/jtv_user_pictures/5f161f8d-ef6a-4276-b6ba-4639df412aab-profile_image-300x300.png
BARBE___DOUCE,14 000,À distance,https://twitch.tv/barbe___douce,avatars/BARBE___DOUCE.png,https://static-cdn.jtvnw.net/jtv_user_pictures/91f31e20-ba5d-4e01-8512-260356dfd1f6-profile_image-300x300.png
BartGeo,3 441,À distance,https://twitch.tv/bartgeo,avatars/BartGeo.png,https://static-cdn.jtvnw.net/jtv_user_pictures/da5cb857-2aaf-424e-b26e-6c71259ff9a8-profile_image-300x300.png
BastiUi,7 713,À distance,https://twitch.tv/bastiui,avatars/BastiUi.png,https://static-cdn.jtvnw.net/jtv_user_pictures/0e6ed553-e4ed-4f63-b767-21350556c51c-profile_image-300x300.png
BCLV4,5 260,À distance,https://twitch.tv/bclv4,avatars/BCLV4.png,https://static-cdn.jtvnw.net/jtv_user_pictures/57be7d73-4359-4b56-a405-2a7c9b5c9e42-profile_image-300x300.png
behop_VeeK,1 526,À distance,https://twitch.tv/behop_veek,avatars/behop_VeeK.png,https://static-cdn.jtvnw.net/jtv_user_pictures/05bacb4d-ee73-47ab-8f32-111599eef9f4-profile_image-300x300.png
BenZaie,10 122,À distance,https://twitch.tv/benzaie,avatars/BenZaie.png,https://static-cdn.jtvnw.net/jtv_user_pictures/5a07d007-e8dc-43de-a7d6-199d8633c859-profile_image-300x300.png
BigBadHater_FR,1 700,À distance,https://twitch.tv/bigbadhater_fr,avatars/BigBadHater_FR.png,https://static-cdn.jtvnw.net/jtv_user_pictures/9ee13474-3e6f-4a93-8e74-047105b60f0f-profile_image-300x300.png
Bluestardust_,3 020,À distance,https://twitch.tv/bluestardust_,avatars/Bluestardust_.png,https://static-cdn.jtvnw.net/jtv_user_pictures/c2924b9e-486d-4848-ac6d-25106eccb881-profile_image-300x300.png
Boitameu,548,À distance,https://twitch.tv/boitameu,avatars/Boitameu.png,https://static-cdn.jtvnw.net/jtv_user_pictures/5b5f401e-adc9-47e6-824a-bf5460f8c414-profile_image-300x300.png
BonjourAlba,320,À distance,https://twitch.tv/bonjouralba,avatars/BonjourAlba.png,https://static-cdn.jtvnw.net/jtv_user_pictures/cd71282c-5baa-4a3f-8e55-08c6ed3365c2-profile_image-300x300.png
Boomnasty_,2 500,À distance,https://twitch.tv/boomnasty_,avatars/Boomnasty_.png,https://static-cdn.jtvnw.net/jtv_user_pictures/8e561638-006d-42f9-a62b-89d651b98f03-profile_image-300x300.png
bouddhiste,4 510,À distance,https://twitch.tv/bouddhiste,avatars/bouddhiste.png,https://static-cdn.jtvnw.net/jtv_user_pictures/9cbc23c8-bfa6-415f-88ea-20d4589b6e07-profile_image-300x300.png
Brickmitri,9 100,À distance,https://twitch.tv/brickmitri,avatars/Brickmitri.png,https://static-cdn.jtvnw.net/jtv_user_pictures/5141db64-eb0c-4dbe-a602-4f41a15b360b-profile_image-300x300.png
broocoline,7 501,À distance,https://twitch.tv/broocoline,avatars/broocoline.png,https://static-cdn.jtvnw.net/jtv_user_pictures/3373cbae-6043-40b1-b371-0cb17f6cdc91-profile_image-300x300.png
BrunoUniversSimu,3 655,À distance,https://twitch.tv/brunouniverssimu,avatars/BrunoUniversSimu.png,https://static-cdn.jtvnw.net/jtv_user_pictures/be1fbe87-1d4f-4078-a57e-71628a4256c6-profile_image-300x300.png
Brybry,7 501,À distance,https://twitch.tv/brybry,avatars/Brybry.png,https://static-cdn.jtvnw.net/jtv_user_pictures/d7188985-55a5-4097-8a55-9273addf9063-profile_image-300x300.png
byilhann,163 026,Sur place,https://twitch.tv/byilhann,avatars/byilhann.png,https://static-cdn.jtvnw.net/jtv_user_pictures/ea4b608a-2f21-432a-afca-03da7920a8a6-profile_image-300x300.png
Cailloute,4 660,À distance,https://twitch.tv/cailloute,avatars/Cailloute.png,https://static-cdn.jtvnw.net/jtv_user_pictures/2335a3b2-7816-43ee-9c74-a4cd99a1c897-profile_image-300x300.png
CaptainFRACAS,17 635,À distance,https://twitch.tv/captainfracas,avatars/CaptainFRACAS.png,https://static-cdn.jtvnw.net/jtv_user_pictures/7fb66af7-a0be-437b-9cb0-6332fa5b9a92-profile_image-300x300.png
chaab,2 136,À distance,https://twitch.tv/chaab,avatars/chaab.png,https://static-cdn.jtvnw.net/jtv_user_pictures/0d0b4ef4-816c-4009-917f-4bc54d20bfdb-profile_image-300x300.png
Chaton_Sauvage_,1 039,À distance,https://twitch.tv/chaton_sauvage_,avatars/Chaton_Sauvage_.png,https://static-cdn.jtvnw.net/jtv_user_pictures/3d90f672-1afb-4761-bf5e-6fbbf2f79d39-profile_image-300x300.png
Chester_ttv,6 200,À distance,https://twitch.tv/chester_ttv,avatars/Chester_ttv.png,https://static-cdn.jtvnw.net/jtv_user_pictures/05771075-1dfe-4317-aa75-dd01cc7df38b-profile_image-300x300.png
ChezBubulle,7 285,À distance,https://twitch.tv/chezbubulle,avatars/ChezBubulle.png,https://static-cdn.jtvnw.net/jtv_user_pictures/0753b82a-26dd-4868-829c-81b2159d9606-profile_image-300x300.png
chowh1,41 109,Sur place,https://twitch.tv/chowh1,avatars/chowh1.png,https://static-cdn.jtvnw.net/jtv_user_pictures/80cc24b8-558c-440c-b5ef-05d12869019b-profile_image-300x300.png
christellelebaillyauteur,5 040,À distance,https://twitch.tv/christellelebaillyauteur,avatars/christellelebaillyauteur.png,https://static-cdn.jtvnw.net/jtv_user_pictures/155ba46f-81f5-47ab-ae14-7f220c023d4a-profile_image-300x300.png
CitronViolet,33 122,À distance,https://twitch.tv/citronviolet,avatars/CitronViolet.png,https://static-cdn.jtvnw.net/jtv_user_pictures/f0d065cb-865b-4c68-9b0e-59118209766a-profile_image-300x300.png
Clara_l_Exploratrice,3 261,À distance,https://twitch.tv/clara_l_exploratrice,avatars/Clara_l_Exploratrice.png,https://static-cdn.jtvnw.net/jtv_user_pictures/6d38c62f-debc-4327-b4b0-43f250c8995a-profile_image-300x300.png
clem_mlrt,10 182,À distance,https://twitch.tv/clem_mlrt,avatars/clem_mlrt.png,https://static-cdn.jtvnw.net/jtv_user_pictures/8d264410-7c11-4bc4-b7d5-f145a6d7358d-profile_image-300x300.png
Clemovitch,420 852,Sur place,https://twitch.tv/clemovitch,avatars/Clemovitch.png,https://static-cdn.jtvnw.net/jtv_user_pictures/6e9217a7-793b-4f96-b204-21bd33b37a07-profile_image-300x300.png
ClubPingouin_Trash,17 341,À distance,https://twitch.tv/clubpingouin_trash,avatars/ClubPingouin_Trash.png,https://static-cdn.jtvnw.net/jtv_user_pictures/0bb649ab-4f5e-4271-938b-987b7d3b6a49-profile_image-300x300.png
CocoLouna,0,À distance,https://twitch.tv/cocolouna,avatars/CocoLouna.png,https://static-cdn.jtvnw.net/jtv_user_pictures/a391a66a-b630-488e-853a-e7841b4fb228-profile_image-300x300.png
Coffee,4 325,À distance,https://twitch.tv/coffee,avatars/Coffee.png,https://static-cdn.jtvnw.net/jtv_user_pictures/25974c21-370e-4269-82cc-c285d9f6758c-profile_image-300x300.png
CrocodyleTV,101 727,Sur place,https://twitch.tv/crocodyletv,avatars/CrocodyleTV.png,https://static-cdn.jtvnw.net/jtv_user_pictures/cea52c7f-9fd2-4a9d-a5e2-e65e93318b63-profile_image-300x300.png
CrossWax,2 550,À distance,https://twitch.tv/crosswax,avatars/CrossWax.png,https://static-cdn.jtvnw.net/jtv_user_pictures/73e8c399-ac7f-4691-bc86-2b7b4a23b8b3-profile_image-300x300.png
Cruelladk,5 331,À distance,https://twitch.tv/cruelladk,avatars/Cruelladk.png,https://static-cdn.jtvnw.net/jtv_user_pictures/720206ff-9bf3-44ea-bae6-c84c24f330a5-profile_image-300x300.png
D4petitbat,0,À distance,https://twitch.tv/d4petitbat,avatars/D4petitbat.png,https://static-cdn.jtvnw.net/jtv_user_pictures/35a5609b-92b1-4822-8913-dfdd020ee625-profile_image-300x300.png
DamDamLive,118 285,Sur place,https://twitch.tv/damdamlive,avatars/DamDamLive.png,https://static-cdn.jtvnw.net/jtv_user_pictures/68f4cbc4-670c-4c0b-8810-3e0ac4b74141-profile_image-300x300.png
DamS_OW,1 237,À distance,https://twitch.tv/dams_ow,avatars/DamS_OW.png,https://static-cdn.jtvnw.net/jtv_user_pictures/92763e01-ff08-4b1c-9ab7-f2fdf458e22c-profile_image-300x300.png
David_Kyden,7 623,À distance,https://twitch.tv/david_kyden,avatars/David_Kyden.png,https://static-cdn.jtvnw.net/jtv_user_pictures/81511a34-60f5-4985-b7e1-c7eb6a9d2414-profile_image-300x300.jpeg
Deavild,2 081,À distance,https://twitch.tv/deavild,avatars/Deavild.png,https://static-cdn.jtvnw.net/jtv_user_pictures/6e70a52b-daa0-4cf8-9c44-faaa1363a270-profile_image-300x300.png
DeejayMakina,702,À distance,https://twitch.tv/deejaymakina,avatars/DeejayMakina.png,https://static-cdn.jtvnw.net/jtv_user_pictures/81de1a1c-7993-4ae5-b043-2f8547625f33-profile_image-300x300.png
Did0us,5 170,À distance,https://twitch.tv/did0us,avatars/Did0us.png,https://static-cdn.jtvnw.net/jtv_user_pictures/e7176650-45df-4d26-a2cd-b468e7665341-profile_image-300x300.png
Doigby,4 676,Sur place,https://twitch.tv/doigby,avatars/Doigby.png,https://static-cdn.jtvnw.net/jtv_user_pictures/7c9ffddc-c121-4b4d-822f-e3f9c558b5b6-profile_image-300x300.png
Domingo,1 479 670,Sur place,https://twitch.tv/domingo,avatars/Domingo.png,https://static-cdn.jtvnw.net/jtv_user_pictures/3cdae7df-600c-4833-8dfe-8d2abc5a3b25-profile_image-300x300.png
doxtv75,708,À distance,https://twitch.tv/doxtv75,avatars/doxtv75.png,https://static-cdn.jtvnw.net/jtv_user_pictures/23cff89f-2dd6-4bef-a5af-3e7ef6c029d8-profile_image-300x300.jpeg
Drakeoz_,2 051,À distance,https://twitch.tv/drakeoz_,avatars/Drakeoz_.png,https://static-cdn.jtvnw.net/jtv_user_pictures/410050d1-768c-48ff-b400-4ecac880f7e9-profile_image-300x300.png
DrFeelgood,71 907,Sur place,https://twitch.tv/drfeelgood,avatars/DrFeelgood.png,https://static-cdn.jtvnw.net/jtv_user_pictures/2bdafcae-2804-4c22-adf1-3a325a91cec2-profile_image-300x300.png
DrFrenesy,1 100,À distance,https://twitch.tv/drfrenesy,avatars/DrFrenesy.png,https://static-cdn.jtvnw.net/jtv_user_pictures/6362a799-8ea3-4311-a3d6-925ae52e222d-profile_image-300x300.png
E_Mule,4 101,À distance,https://twitch.tv/e_mule,avatars/E_Mule.png,https://static-cdn.jtvnw.net/jtv_user_pictures/868d8e38-66ed-479d-875a-c3d54340b1cb-profile_image-300x300.png
Echyr_,8 420,À distance,https://twitch.tv/echyr_,avatars/Echyr_.png,https://static-cdn.jtvnw.net/jtv_user_pictures/31bedde8-76eb-479b-8d16-75e2e31b3c31-profile_image-300x300.png
Elbe_Poly,2 251,À distance,https://twitch.tv/elbe_poly,avatars/Elbe_Poly.png,https://static-cdn.jtvnw.net/jtv_user_pictures/8a62533e-bc62-4c9a-b68c-455291d1d021-profile_image-300x300.png
Elfyaa,2 200,À distance,https://twitch.tv/elfyaa,avatars/Elfyaa.png,https://static-cdn.jtvnw.net/jtv_user_pictures/aba918a2-4792-4988-9dad-6c7293c69f57-profile_image-300x300.jpeg
ElizyaTV,3 305,À distance,https://twitch.tv/elizyatv,avatars/ElizyaTV.png,https://static-cdn.jtvnw.net/jtv_user_pictures/1f043251-8f3c-4833-8e2c-c2e46cd50d45-profile_image-300x300.png
ElnoraEleo,3 520,À distance,https://twitch.tv/elnoraeleo,avatars/ElnoraEleo.png,https://static-cdn.jtvnw.net/jtv_user_pictures/1c9c06c0-e501-400c-b912-ae7793af1e3c-profile_image-300x300.png
ElyhOnAir,7 878,À distance,https://twitch.tv/elyhonair,avatars/ElyhOnAir.png,https://static-cdn.jtvnw.net/jtv_user_pictures/e0d66e9b-ee78-45df-8f7c-565aa51ba4ce-profile_image-300x300.png
Elypwet,1 813,À distance,https://twitch.tv/elypwet,avatars/Elypwet.png,https://static-cdn.jtvnw.net/jtv_user_pictures/f39c2a8f-6473-4fd2-baea-8420fa598cd1-profile_image-300x300.png
EnjoyPhoenix,121 050,Sur place,https://twitch.tv/enjoyphoenix,avatars/EnjoyPhoenix.png,https://static-cdn.jtvnw.net/jtv_user_pictures/7080e57b-3894-4c41-8378-0d6d2e7c8e93-profile_image-300x300.png
Estebancano_7,2 000,À distance,https://twitch.tv/estebancano_7,avatars/Estebancano_7.png,https://static-cdn.jtvnw.net/jtv_user_pictures/4440dee9-f81c-49ab-bd15-2c57cb01bb33-profile_image-300x300.png
Etoile_OW,2 511,À distance,https://twitch.tv/etoile_ow,avatars/Etoile_OW.png,https://static-cdn.jtvnw.net/jtv_user_pictures/7a1cd438-f846-4df7-88eb-0149b88d27e7-profile_image-300x300.png
Etoiles,201 236,Sur place,https://twitch.tv/etoiles,avatars/Etoiles.png,https://static-cdn.jtvnw.net/jtv_user_pictures/4eecaab8-4de3-4bcc-b2b7-f3a03e8273a8-profile_image-300x300.png
Euphoriasis,6 211,À distance,https://twitch.tv/euphoriasis,avatars/Euphoriasis.png,https://static-cdn.jtvnw.net/jtv_user_pictures/8dd40c2a-c4db-4d37-8de4-e6c9317c9ead-profile_image-300x300.png
evan91380_,2 242,À distance,https://twitch.tv/evan91380_,avatars/evan91380_.png,https://static-cdn.jtvnw.net/jtv_user_pictures/66eaa146-a28e-4a0d-9fe3-761265339d57-profile_image-300x300.png
Evoxia,5 035,À distance,https://twitch.tv/evoxia,avatars/Evoxia.png,https://static-cdn.jtvnw.net/jtv_user_pictures/6b7bce23-3618-49ac-bac0-3062701df319-profile_image-300x300.png
EXPAT_MALGRE_LUI,2 136,À distance,https://twitch.tv/expat_malgre_lui,avatars/EXPAT_MALGRE_LUI.png,https://static-cdn.jtvnw.net/jtv_user_pictures/ae1a9051-bd92-479b-9826-35290a90aa1c-profile_image-300x300.png
EYMRYC,3 582,À distance,https://twitch.tv/eymryc,avatars/EYMRYC.png,https://static-cdn.jtvnw.net/jtv_user_pictures/baebab0e-2346-4387-9e91-25405c6e51f0-profile_image-300x300.png
eziogdsp,4 101,À distance,https://twitch.tv/eziogdsp,avatars/eziogdsp.png,https://static-cdn.jtvnw.net/jtv_user_pictures/a1ff4f9e-64a5-4b66-8a88-c1a5f981e1b3-profile_image-300x300.png
F_Bardino,4 501,À distance,https://twitch.tv/f_bardino,avatars/F_Bardino.png,https://static-cdn.jtvnw.net/jtv_user_pictures/67be311d-5c63-4f02-abeb-62a20f654a46-profile_image-300x300.png
FabDColson,6 271,À distance,https://twitch.tv/fabdcolson,avatars/FabDColson.png,https://static-cdn.jtvnw.net/jtv_user_pictures/b95d7c11-7b92-4f24-b42d-27b7afd43e7b-profile_image-300x300.png
FalkaLive,4 331,À distance,https://twitch.tv/falkalive,avatars/FalkaLive.png,https://static-cdn.jtvnw.net/jtv_user_pictures/756bc032-a6df-4bb0-864c-d04bf978eccd-profile_image-300x300.png
FarodGames,85 731,À distance,https://twitch.tv/farodgames,avatars/FarodGames.png,https://static-cdn.jtvnw.net/jtv_user_pictures/ace7f13e-255e-46d9-8c54-1226c3509064-profile_image-300x300.png
Fausthea,11 840,À distance,https://twitch.tv/fausthea,avatars/Fausthea.png,https://static-cdn.jtvnw.net/jtv_user_pictures/a3cb8055-4bf0-4f57-86d6-fe1d309eb712-profile_image-300x300.png
FefeGG,4 133,À distance,https://twitch.tv/fefegg,avatars/FefeGG.png,https://static-cdn.jtvnw.net/jtv_user_pictures/3b6c59cc-922c-43fd-bbb8-94c34c07460c-profile_image-300x300.jpg
Flamby,53 528,Sur place,https://twitch.tv/flamby,avatars/Flamby.png,https://static-cdn.jtvnw.net/jtv_user_pictures/d8843637-6e1b-49bd-a1fb-cc93ba4badb3-profile_image-300x300.png
FlavienAlexzander,6 751,À distance,https://twitch.tv/flavienalexzander,avatars/FlavienAlexzander.png,https://static-cdn.jtvnw.net/jtv_user_pictures/32ef0ea7-1a75-4bed-95ac-1cf375fd1c0f-profile_image-300x300.png
Flaviestch,3 378,À distance,https://twitch.tv/flaviestch,avatars/Flaviestch.png,https://static-cdn.jtvnw.net/jtv_user_pictures/9ca47139-f76f-43e9-a1c7-1171653d5d3a-profile_image-300x300.png
Flonflon,14 668,À distance,https://twitch.tv/flonflon,avatars/Flonflon.png,https://static-cdn.jtvnw.net/jtv_user_pictures/27d0d345-fa19-4f06-ad53-94a955d85f54-profile_image-300x300.png
FlynnWinch,700,À distance,https://twitch.tv/flynnwinch,avatars/FlynnWinch.png,https://static-cdn.jtvnw.net/jtv_user_pictures/e2459231-7a7e-4bd2-a676-df244e4fac7a-profile_image-300x300.png
franck_miller,3 000,À distance,https://twitch.tv/franck_miller,avatars/franck_miller.png,https://static-cdn.jtvnw.net/jtv_user_pictures/67eb2f93-1894-4d80-aea1-1d64470a452c-profile_image-300x300.png
frozencrystal,9 032,À distance,https://twitch.tv/frozencrystal,avatars/frozencrystal.png,https://static-cdn.jtvnw.net/jtv_user_pictures/f7845471-ad39-4b71-8226-b5ab26f7e5e5-profile_image-300x300.png
Fukano,3 333,À distance,https://twitch.tv/fukano,avatars/Fukano.png,https://static-cdn.jtvnw.net/jtv_user_pictures/fukano-profile_image-4d046e69aa55f2d3-300x300.jpeg
GamesDreamy,3 067,À distance,https://twitch.tv/gamesdreamy,avatars/GamesDreamy.png,https://static-cdn.jtvnw.net/jtv_user_pictures/568b70a0-ab03-492a-b6ab-d7a15b4c65e4-profile_image-300x300.png
General_Mass,2 820,À distance,https://twitch.tv/general_mass,avatars/General_Mass.png,https://static-cdn.jtvnw.net/jtv_user_pictures/72d62321-8bcf-48b1-8deb-630fb5c4ee02-profile_image-300x300.png
GF_Iguel,7 150,À distance,https://twitch.tv/gf_iguel,avatars/GF_Iguel.png,https://static-cdn.jtvnw.net/jtv_user_pictures/f4ab9d68-d115-4887-a484-e3be1c847bab-profile_image-300x300.jpeg
Gius,42 077,Sur place,https://twitch.tv/gius,avatars/Gius.png,https://static-cdn.jtvnw.net/jtv_user_pictures/61b15b47-c6ca-40fc-8293-a822c3d8eed6-profile_image-300x300.png
GOLRIVER_,3 550,À distance,https://twitch.tv/golriver_,avatars/GOLRIVER_.png,https://static-cdn.jtvnw.net/jtv_user_pictures/d263ffd6-2001-42f9-8667-916d6d46a18c-profile_image-300x300.png
Gom4rt,117 816,Sur place,https://twitch.tv/gom4rt,avatars/Gom4rt.png,https://static-cdn.jtvnw.net/jtv_user_pictures/03444908-7fe5-4d3c-9dcf-a59ced6fcf0c-profile_image-300x300.png
Greg16s,3 001,À distance,https://twitch.tv/greg16s,avatars/Greg16s.png,https://static-cdn.jtvnw.net/jtv_user_pictures/fafb389b-aff4-4993-a241-8acea306a7de-profile_image-300x300.png
GuimauseTerrier,14 404,À distance,https://twitch.tv/guimauseterrier,avatars/GuimauseTerrier.png,https://static-cdn.jtvnw.net/jtv_user_pictures/b4537014-fc76-40da-aa35-cd360769354d-profile_image-300x300.png
HammerKick,2 708,À distance,https://twitch.tv/hammerkick,avatars/HammerKick.png,https://static-cdn.jtvnw.net/jtv_user_pictures/aef41fae-8f3d-4b61-a540-e36a47df820c-profile_image-300x300.png
harumate,3 715,À distance,https://twitch.tv/harumate,avatars/harumate.png,https://static-cdn.jtvnw.net/jtv_user_pictures/cd5cbee3-b5c4-4f24-be2c-d17b3da7208c-profile_image-300x300.png
Hctuan,17 045,À distance,https://twitch.tv/hctuan,avatars/Hctuan.png,https://static-cdn.jtvnw.net/jtv_user_pictures/5bbbe667-9f1a-4e0e-b8f7-9ecff18a2549-profile_image-300x300.png
Heillinel,3 165,À distance,https://twitch.tv/heillinel,avatars/Heillinel.png,https://static-cdn.jtvnw.net/jtv_user_pictures/94656a5e-13a2-45cc-ad79-77a3416bcf58-profile_image-300x300.png
helydia,102 300,Sur place,https://twitch.tv/helydia,avatars/helydia.png,https://static-cdn.jtvnw.net/jtv_user_pictures/688afe5f-f1d0-49ae-8e53-e7d562a16a2e-profile_image-300x300.png
HortyUnderscore,166 289,Sur place,https://twitch.tv/hortyunderscore,avatars/HortyUnderscore.png,https://static-cdn.jtvnw.net/jtv_user_pictures/6a2da160-4971-4214-a04d-a50bebc4f010-profile_image-300x300.png
Hosarny,3 002,À distance,https://twitch.tv/hosarny,avatars/Hosarny.png,https://static-cdn.jtvnw.net/jtv_user_pictures/a506a2da-b2dc-481c-b6fb-a9a8dae66bd5-profile_image-300x300.png
HugoAuPerchoir,6 020,À distance,https://twitch.tv/hugoauperchoir,avatars/HugoAuPerchoir.png,https://static-cdn.jtvnw.net/jtv_user_pictures/b4733625-4bd2-4de2-83b2-846c6ed6d860-profile_image-300x300.png
Huzounet,10 215,À distance,https://twitch.tv/huzounet,avatars/Huzounet.png,https://static-cdn.jtvnw.net/jtv_user_pictures/02d5a1ce-5527-4e9d-9d54-a3648f0f0931-profile_image-300x300.png
Hytanie,350,À distance,https://twitch.tv/hytanie,avatars/Hytanie.png,https://static-cdn.jtvnw.net/jtv_user_pictures/6027a32b-68c0-46e9-9e9d-f8de9ae8de9f-profile_image-300x300.png
IkerTTVV,1 100,À distance,https://twitch.tv/ikerttvv,avatars/IkerTTVV.png,https://static-cdn.jtvnw.net/jtv_user_pictures/ea21fba0-a2cd-4689-98cf-f32c2bfae266-profile_image-300x300.png
ImSoFresh,2 026,À distance,https://twitch.tv/imsofresh,avatars/ImSoFresh.png,https://static-cdn.jtvnw.net/jtv_user_pictures/d695f81c-b642-41d4-b56e-35bb331090fd-profile_image-300x300.png
JackplayPZ,5 136,À distance,https://twitch.tv/jackplaypz,avatars/JackplayPZ.png,https://static-cdn.jtvnw.net/jtv_user_pictures/fb0a8172-47e3-4082-b502-e9d5f6d55379-profile_image-300x300.png
JardiStream,10 200,À distance,https://twitch.tv/jardistream,avatars/JardiStream.png,https://static-cdn.jtvnw.net/jtv_user_pictures/c74079ef-3e43-4b27-83e2-e2a3e9d639ca-profile_image-300x300.png
JarlSpunk,11 137,À distance,https://twitch.tv/jarlspunk,avatars/JarlSpunk.png,https://static-cdn.jtvnw.net/jtv_user_pictures/132b7693-7bd0-4eb2-b260-2a7def6580b2-profile_image-300x300.png
JawedCS,7 002,À distance,https://twitch.tv/jawedcs,avatars/JawedCS.png,https://static-cdn.jtvnw.net/jtv_user_pictures/dbe931d6-6404-4e0a-b5b9-8dd2f8559ba9-profile_image-300x300.png
JeanBaptisteShow,53 811,À distance,https://twitch.tv/jeanbaptisteshow,avatars/JeanBaptisteShow.png,https://static-cdn.jtvnw.net/jtv_user_pictures/173214ad-7412-4930-ba48-85a5dca5d6be-profile_image-300x300.png
Jengo_m,664,À distance,https://twitch.tv/jengo_m,avatars/Jengo_m.png,https://static-cdn.jtvnw.net/jtv_user_pictures/b92e54b8-033d-4809-a78f-3aff62044c5b-profile_image-300x300.png
JennyyL,10 608,À distance,https://twitch.tv/jennyyl,avatars/JennyyL.png,https://static-cdn.jtvnw.net/jtv_user_pictures/1ed4ee1b-f03b-4f49-99ba-8c098f393b6f-profile_image-300x300.png
JessBond,5 251,À distance,https://twitch.tv/jessbond,avatars/JessBond.png,https://static-cdn.jtvnw.net/jtv_user_pictures/aa130aab-e190-4d7a-82e2-db1a97ac3f6e-profile_image-300x300.png
Jidun,2 800,À distance,https://twitch.tv/jidun,avatars/Jidun.png,https://static-cdn.jtvnw.net/jtv_user_pictures/e9fc729d-6c1e-4329-a76c-1d2428e500dd-profile_image-300x300.png
Jilanocast,1 100,À distance,https://twitch.tv/jilanocast,avatars/Jilanocast.png,https://static-cdn.jtvnw.net/jtv_user_pictures/95a17711-5830-4cc8-9727-9b9208feccf4-profile_image-300x300.jpeg
Jirayalecochon,51 289,Sur place,https://twitch.tv/jirayalecochon,avatars/Jirayalecochon.png,https://static-cdn.jtvnw.net/jtv_user_pictures/d842070e-6d5c-4f97-b55c-097b9e627f4a-profile_image-300x300.png
JLTomy,182 926,Sur place,https://twitch.tv/jltomy,avatars/JLTomy.png,https://static-cdn.jtvnw.net/jtv_user_pictures/aa2bc80a-e317-494a-a94d-7492889e4f66-profile_image-300x300.png
JoeLaFritt_,2 850,À distance,https://twitch.tv/joelafritt_,avatars/JoeLaFritt_.png,https://static-cdn.jtvnw.net/jtv_user_pictures/c23986a4-415e-413d-b944-136866a06185-profile_image-300x300.png
Joueur_du_Grenier,342 077,Sur place,https://twitch.tv/joueur_du_grenier,avatars/Joueur_du_Grenier.png,https://static-cdn.jtvnw.net/jtv_user_pictures/68296fe2-cee7-42dd-b241-6535084df12a-profile_image-300x300.png
Joyca,305 319,Sur place,https://twitch.tv/joyca,avatars/Joyca.png,https://static-cdn.jtvnw.net/jtv_user_pictures/f4f2a500-81aa-4dcc-924f-fa5e12dcd7c5-profile_image-300x300.png
Julgane,17 134,À distance,https://twitch.tv/julgane,avatars/Julgane.png,https://static-cdn.jtvnw.net/jtv_user_pictures/2705bdef-ec8d-4ea4-af14-030a35dacdc0-profile_image-300x300.png
Just1Chat,6 375,À distance,https://twitch.tv/just1chat,avatars/Just1Chat.png,https://static-cdn.jtvnw.net/jtv_user_pictures/0d64f997-7122-4186-8788-37a45238f8a5-profile_image-300x300.png
Kahleeya,3 500,À distance,https://twitch.tv/kahleeya,avatars/Kahleeya.png,https://static-cdn.jtvnw.net/jtv_user_pictures/0ebb73fc-c178-4e27-b0ea-366afc2c7648-profile_image-300x300.png
Kalaxee,1,À distance,https://twitch.tv/kalaxee,avatars/Kalaxee.png,https://static-cdn.jtvnw.net/jtv_user_pictures/4047c609-ab79-4f2c-9792-5253ebba6c3c-profile_image-300x300.png
kammy64,14 510,À distance,https://twitch.tv/kammy64,avatars/kammy64.png,https://static-cdn.jtvnw.net/jtv_user_pictures/c7caabb9-0654-4127-bf3e-c336a9867bda-profile_image-300x300.png
KAOsvmd,4 000,À distance,https://twitch.tv/kaosvmd,avatars/KAOsvmd.png,https://static-cdn.jtvnw.net/jtv_user_pictures/8e324a0a-5786-432b-832e-a008b2274a1b-profile_image-300x300.jpeg
KapslockArt,8 237,À distance,https://twitch.tv/kapslockart,avatars/KapslockArt.png,https://static-cdn.jtvnw.net/jtv_user_pictures/ad133c7a-1142-4e63-b516-343e78e994e0-profile_image-300x300.png
KaroViper,3 509,À distance,https://twitch.tv/karoviper,avatars/KaroViper.png,https://static-cdn.jtvnw.net/jtv_user_pictures/54d12aa6-4915-462e-b447-b1b29125a2df-profile_image-300x300.png
KatChanVT,17 165,À distance,https://twitch.tv/katchanvt,avatars/KatChanVT.png,https://static-cdn.jtvnw.net/jtv_user_pictures/fe803843-ee97-409f-b693-aaa2ec3e273e-profile_image-300x300.png
Keeps,4 233,À distance,https://twitch.tv/keeps,avatars/Keeps.png,https://static-cdn.jtvnw.net/jtv_user_pictures/6af0dec2-42b2-41e6-8a22-51987d28cdaa-profile_image-300x300.png
Kejinn,3 020,À distance,https://twitch.tv/kejinn,avatars/Kejinn.png,https://static-cdn.jtvnw.net/jtv_user_pictures/d613d203-af73-4f34-8edf-69327219e9dc-profile_image-300x300.png
KEMIST_C10H15N,9 061,À distance,https://twitch.tv/kemist_c10h15n,avatars/KEMIST_C10H15N.png,https://static-cdn.jtvnw.net/jtv_user_pictures/35a7d8a3-78fa-4265-8c2f-d8fdd20f630d-profile_image-300x300.png
kenbogard,45 721,À distance,https://twitch.tv/kenbogard,avatars/kenbogard.png,https://static-cdn.jtvnw.net/jtv_user_pictures/a4fb0d8c-43ac-4a75-9875-e51984ddea33-profile_image-300x300.png
KennyStream,39 091,Sur place,https://twitch.tv/kennystream,avatars/KennyStream.png,https://static-cdn.jtvnw.net/jtv_user_pictures/85a6dff5-2ad1-4866-9f64-eba43b0e4402-profile_image-300x300.png
Kensei_FR,1 200,À distance,https://twitch.tv/kensei_fr,avatars/Kensei_FR.png,https://static-cdn.jtvnw.net/jtv_user_pictures/5de3444a-9d90-4279-9f68-9c954a743882-profile_image-300x300.png
kikitchiwi,2 063,À distance,https://twitch.tv/kikitchiwi,avatars/kikitchiwi.png,https://static-cdn.jtvnw.net/jtv_user_pictures/6f993ae3-4e48-4afa-92c6-750166f6e667-profile_image-300x300.png
klr_stream,2 400,À distance,https://twitch.tv/klr_stream,avatars/klr_stream.png,https://static-cdn.jtvnw.net/jtv_user_pictures/1698789d-4fe8-49e2-9ed1-a3383efc75d4-profile_image-300x300.png
Koala_Cosy,4 011,À distance,https://twitch.tv/koala_cosy,avatars/Koala_Cosy.png,https://static-cdn.jtvnw.net/jtv_user_pictures/2b936380-aa4e-4e90-94ec-8a8ac18277d4-profile_image-300x300.jpeg
Koripeluche,3 000,À distance,https://twitch.tv/koripeluche,avatars/Koripeluche.png,https://static-cdn.jtvnw.net/jtv_user_pictures/bd0a47e5-2334-4f2c-92af-dfd8cb96d96b-profile_image-300x300.png
Kunder_on,1 430,À distance,https://twitch.tv/kunder_on,avatars/Kunder_on.png,https://static-cdn.jtvnw.net/jtv_user_pictures/dcf4484b-8024-40be-95c1-4d73c36668c4-profile_image-300x300.png
Kusa,6 435,À distance,https://twitch.tv/kusa,avatars/Kusa.png,https://static-cdn.jtvnw.net/jtv_user_pictures/e27d074a-7de6-449d-b9db-c3790cb8f689-profile_image-300x300.png
kwikwiii,4 313,À distance,https://twitch.tv/kwikwiii,avatars/kwikwiii.png,https://static-cdn.jtvnw.net/jtv_user_pictures/5cbf0440-c657-4353-b423-51164b5bff2c-profile_image-300x300.png
kyunesswhale,0,À distance,https://twitch.tv/kyuness_,avatars/kyunesswhale.png,https://static-cdn.jtvnw.net/jtv_user_pictures/ceeeb03c-bb49-455d-90d3-e8c9d6f54792-profile_image-300x300.jpeg
La_Capitainerie,10 335,À distance,https://twitch.tv/la_capitainerie,avatars/La_Capitainerie.png,https://static-cdn.jtvnw.net/jtv_user_pictures/9190a17f-1a72-4f2e-af9e-aa9a0cdd9c51-profile_image-300x300.png
LaKalzone,4 051,À distance,https://twitch.tv/lakalzone,avatars/LaKalzone.png,https://static-cdn.jtvnw.net/jtv_user_pictures/75f6b78d-5c3c-4941-a14d-dcab128c3a55-profile_image-300x300.png
Lalain,5 357,À distance,https://twitch.tv/lalain,avatars/Lalain.png,https://static-cdn.jtvnw.net/jtv_user_pictures/84d7c62b-5c38-4479-9052-77a175b98507-profile_image-300x300.png
Laniyelle,8 801,À distance,https://twitch.tv/laniyelle,avatars/Laniyelle.png,https://static-cdn.jtvnw.net/jtv_user_pictures/88d02eef-dd75-4b67-a45f-bd1cff5696ec-profile_image-300x300.png
Lapi,46 251,Sur place,https://twitch.tv/lapi,avatars/Lapi.png,https://static-cdn.jtvnw.net/jtv_user_pictures/77578535-0cbf-4cc9-ac67-3e983b6d15e1-profile_image-300x300.png
lastbaroudeur,1,À distance,https://twitch.tv/lastbaroudeur,avatars/lastbaroudeur.png,https://static-cdn.jtvnw.net/jtv_user_pictures/a69ca47c-04a2-4ab4-9332-14179b6097d5-profile_image-300x300.png
LaTaverneDePatatus,4 140,À distance,https://twitch.tv/latavernedepatatus,avatars/LaTaverneDePatatus.png,https://static-cdn.jtvnw.net/jtv_user_pictures/ac78e36e-e7c0-4111-aa75-afc6f8c265d3-profile_image-300x300.png
Leocrow_,4 770,À distance,https://twitch.tv/leocrow_,avatars/Leocrow_.png,https://static-cdn.jtvnw.net/jtv_user_pictures/e4a3388b-9a76-4274-bca4-df002466da0b-profile_image-300x300.png
lepapyofficiel,6 153,À distance,https://twitch.tv/lepapyofficiel,avatars/lepapyofficiel.png,https://static-cdn.jtvnw.net/jtv_user_pictures/43c56b71-0df5-45ae-a228-4595cdd098f2-profile_image-300x300.png
LePirateRoux,1 002,À distance,https://twitch.tv/lepirateroux,avatars/LePirateRoux.png,https://static-cdn.jtvnw.net/jtv_user_pictures/f63e4029-cedd-4110-bf31-32c2a7c398b2-profile_image-300x300.png
LeProtagonisteTV,7 353,À distance,https://twitch.tv/leprotagonistetv,avatars/LeProtagonisteTV.png,https://static-cdn.jtvnw.net/jtv_user_pictures/4a969b2c-9767-461c-9a6d-96005a9fdf53-profile_image-300x300.png
Les_Archives,4 547,À distance,https://twitch.tv/les_archives,avatars/Les_Archives.png,https://static-cdn.jtvnw.net/jtv_user_pictures/dd616a16-dc10-4261-a6f9-6e917ed0498f-profile_image-300x300.png
LesGoules,1 517,À distance,https://twitch.tv/lesgoules,avatars/LesGoules.png,https://static-cdn.jtvnw.net/jtv_user_pictures/fbcbdd5f-351c-4ac3-8759-206ac77dbc5e-profile_image-300x300.png
Linca,66 148,À distance,https://twitch.tv/linca,avatars/Linca.png,https://static-cdn.jtvnw.net/jtv_user_pictures/7d3d70bc-af8f-4ce0-b25b-e067117ec89a-profile_image-300x300.png
LittleBigWhale,135 796,Sur place,https://twitch.tv/littlebigwhale,avatars/LittleBigWhale.png,https://static-cdn.jtvnw.net/jtv_user_pictures/63ff2bed-9e88-483f-bd4e-cc61d4b43e9c-profile_image-300x300.png
LofiMaria_,5 112,À distance,https://twitch.tv/lofimaria_,avatars/LofiMaria_.png,https://static-cdn.jtvnw.net/jtv_user_pictures/36423bea-58fb-47a7-971d-1584769b78e2-profile_image-300x300.png
Lunae,2 656,À distance,https://twitch.tv/lunae,avatars/Lunae.png,https://static-cdn.jtvnw.net/jtv_user_pictures/870a57af-1b52-4d75-aae1-ba289ddf9f02-profile_image-300x300.jpeg
Lunium,3 071,À distance,https://twitch.tv/lunium,avatars/Lunium.png,https://static-cdn.jtvnw.net/jtv_user_pictures/90e2ad2d-7b7e-473e-8bb5-b4702804122a-profile_image-300x300.png
Lynkus_,13 620,À distance,https://twitch.tv/lynkus_,avatars/Lynkus_.png,https://static-cdn.jtvnw.net/jtv_user_pictures/258ee1b3-04d5-4d97-9a88-63e5cbb50fb7-profile_image-300x300.png
Lypning,6 015,À distance,https://twitch.tv/lypning,avatars/Lypning.png,https://static-cdn.jtvnw.net/jtv_user_pictures/4f6240ca-ce96-43f1-867a-6ae6e99225e6-profile_image-300x300.png
m4fgaming,133 234,Sur place,https://twitch.tv/m4fgaming,avatars/m4fgaming.png,https://static-cdn.jtvnw.net/jtv_user_pictures/fa9cc896-b371-4594-939a-1e983d0cf04b-profile_image-300x300.png
M4LL4URY,6 511,À distance,https://twitch.tv/m4ll4ury,avatars/M4LL4URY.png,https://static-cdn.jtvnw.net/jtv_user_pictures/1e3b082e-6142-4956-a93e-7b1c9f0fb42b-profile_image-300x300.jpeg
magarky,5 125,À distance,https://twitch.tv/magarky,avatars/magarky.png,https://static-cdn.jtvnw.net/jtv_user_pictures/f6db695e-ed6f-49ff-a746-9f224b506da4-profile_image-300x300.png
MahyarS,51 351,À distance,https://twitch.tv/mahyars,avatars/MahyarS.png,https://static-cdn.jtvnw.net/jtv_user_pictures/mahyars-profile_image-fb23bb6e131fc096-300x300.png
MaitreArmand,8 204,À distance,https://twitch.tv/maitrearmand,avatars/MaitreArmand.png,https://static-cdn.jtvnw.net/jtv_user_pictures/591862e8-46ad-4c6f-a5b2-25c801c06ed2-profile_image-300x300.png
Maitreleee,1 184,À distance,https://twitch.tv/maitreleee,avatars/Maitreleee.png,https://static-cdn.jtvnw.net/jtv_user_pictures/93bbcd6c-429d-49b2-8d6e-f1423092ceca-profile_image-300x300.png
Malganyr,11 176,À distance,https://twitch.tv/malganyr,avatars/Malganyr.png,https://static-cdn.jtvnw.net/jtv_user_pictures/3ce1a626-6948-4d7a-931a-376f5b59b5d8-profile_image-300x300.png
ManaRyuujin,6 210,À distance,https://twitch.tv/manaryuujin,avatars/ManaRyuujin.png,https://static-cdn.jtvnw.net/jtv_user_pictures/6c7a6172-cf76-43aa-bdbb-48b70054f914-profile_image-300x300.png
MarcelPignol,7 017,À distance,https://twitch.tv/marcelpignol,avatars/MarcelPignol.png,https://static-cdn.jtvnw.net/jtv_user_pictures/5de3a0c9-6021-4716-bc5e-d73470d46334-profile_image-300x300.png
Marco,18 800,À distance,https://twitch.tv/marco,avatars/Marco.png,https://static-cdn.jtvnw.net/jtv_user_pictures/marco-profile_image-90b1c16d157a3bcb-300x300.jpeg
Maricanne,4 041,À distance,https://twitch.tv/maricanne,avatars/Maricanne.png,https://static-cdn.jtvnw.net/jtv_user_pictures/f258dfa8-c4fa-44de-8495-d064556cdfbc-profile_image-300x300.png
MaryHealthTV,3 176,À distance,https://twitch.tv/maryhealthtv,avatars/MaryHealthTV.png,https://static-cdn.jtvnw.net/jtv_user_pictures/ea8e1cbc-ad9d-4918-baf6-4dc7dcb1ba65-profile_image-300x300.png
Mastu,553 537,Sur place,https://twitch.tv/mastu,avatars/Mastu.png,https://static-cdn.jtvnw.net/jtv_user_pictures/64e280b4-d6a1-4819-922b-9d4f8c80a3c7-profile_image-300x300.png
MathoX,31 313,À distance,https://twitch.tv/mathox,avatars/MathoX.png,https://static-cdn.jtvnw.net/jtv_user_pictures/326db46f-8039-4c1e-ab00-c56fb7841fbc-profile_image-300x300.png
mavienormale,10 713,À distance,https://twitch.tv/mavienormale,avatars/mavienormale.png,https://static-cdn.jtvnw.net/jtv_user_pictures/31768240-c71c-4039-ab22-80457b913b17-profile_image-300x300.jpeg
Medalinya,5 711,À distance,https://twitch.tv/medalinya,avatars/Medalinya.png,https://static-cdn.jtvnw.net/jtv_user_pictures/73df1440-4a05-44d0-ac54-cd29776379f7-profile_image-300x300.png
Memez94,2 600,À distance,https://twitch.tv/memez94,avatars/Memez94.png,https://static-cdn.jtvnw.net/jtv_user_pictures/203ea99c-3849-481f-a7ba-545f377ba670-profile_image-300x300.png
Menou,3 500,À distance,https://twitch.tv/menou,avatars/Menou.png,https://static-cdn.jtvnw.net/jtv_user_pictures/ba34da4f-37e0-41e1-8438-eee03c6c8e6e-profile_image-300x300.png
merci_raph,5 275,À distance,https://twitch.tv/merci_raph,avatars/merci_raph.png,https://static-cdn.jtvnw.net/jtv_user_pictures/56f2366f-b7f4-4fcc-bf09-f8969b05c8ff-profile_image-300x300.png
Meteorann,1 043,À distance,https://twitch.tv/meteorann,avatars/Meteorann.png,https://static-cdn.jtvnw.net/jtv_user_pictures/12681f8a-b183-4e38-a300-3824103aa1de-profile_image-300x300.png
MialyMusic,1 422,À distance,https://twitch.tv/mialymusic,avatars/MialyMusic.png,https://static-cdn.jtvnw.net/jtv_user_pictures/3f49dfe3-ad8d-40e2-8cb0-f47efb0bf8af-profile_image-300x300.png
MichaelBielli,3 000,À distance,https://twitch.tv/michaelbielli,avatars/MichaelBielli.png,https://static-cdn.jtvnw.net/jtv_user_pictures/5aed65a9-678c-40b6-bf1e-acc4ef540fa3-profile_image-300x300.png
MielCrapouille,42 070,À distance,https://twitch.tv/mielcrapouille,avatars/MielCrapouille.png,https://static-cdn.jtvnw.net/jtv_user_pictures/ce5de334-8411-434a-92ca-37358c247e35-profile_image-300x300.png
miisterkel,426,À distance,https://twitch.tv/miisterkel,avatars/miisterkel.png,https://static-cdn.jtvnw.net/jtv_user_pictures/db2287ac-348e-456e-a681-4b5930ef0aea-profile_image-300x300.png
MissCliick_,8 211,À distance,https://twitch.tv/misscliick_,avatars/MissCliick_.png,https://static-cdn.jtvnw.net/jtv_user_pictures/aa56a97d-42c3-43f3-b872-a8867ed434ad-profile_image-300x300.png
mistermv,306 123,À distance,https://twitch.tv/mistermv,avatars/mistermv.png,https://static-cdn.jtvnw.net/jtv_user_pictures/b220f285-b12e-495c-9611-d30a0cbaca0a-profile_image-300x300.png
MisterPacoThai,3 000,À distance,https://twitch.tv/misterpacothai,avatars/MisterPacoThai.png,https://static-cdn.jtvnw.net/jtv_user_pictures/66b75a05-e6a0-4513-b3dc-956a74bcedbd-profile_image-300x300.jpeg
Mistyee,1 856,À distance,https://twitch.tv/mistyee,avatars/Mistyee.png,https://static-cdn.jtvnw.net/jtv_user_pictures/82c3dd6d-7360-40f7-85df-1d2dae653b9d-profile_image-300x300.jpeg
MoMaN,47 981,Sur place,https://twitch.tv/moman,avatars/MoMaN.png,https://static-cdn.jtvnw.net/jtv_user_pictures/395f85c5-042b-458e-8c7d-43057b6a60ac-profile_image-300x300.png
Momos_Vision,1 164,À distance,https://twitch.tv/momos_vision,avatars/Momos_Vision.png,https://static-cdn.jtvnw.net/jtv_user_pictures/943fd491-b0bd-4b2c-a5b2-8a9f605c9d98-profile_image-300x300.png
MonkyJV,3 867,À distance,https://twitch.tv/monkyjv,avatars/MonkyJV.png,https://static-cdn.jtvnw.net/jtv_user_pictures/4c8dcf5b-6731-4b21-9eae-8c55d1c53787-profile_image-300x300.png
MonsieurFoxx,1 125,À distance,https://twitch.tv/monsieurfoxx,avatars/MonsieurFoxx.png,https://static-cdn.jtvnw.net/jtv_user_pictures/603e8990-f1a0-41a9-a4c9-032f311c9798-profile_image-300x300.png
Morrigh4n,4 148,À distance,https://twitch.tv/morrigh4n,avatars/Morrigh4n.png,https://static-cdn.jtvnw.net/jtv_user_pictures/50e804d953cc0741-profile_image-300x300.png
MrDeriv,25 393,À distance,https://twitch.tv/mrderiv,avatars/MrDeriv.png,https://static-cdn.jtvnw.net/jtv_user_pictures/863401aa-f82b-4e1a-8520-a20c17599e66-profile_image-300x300.png
MrQuaRate,1 161,À distance,https://twitch.tv/mrquarate,avatars/MrQuaRate.png,https://static-cdn.jtvnw.net/jtv_user_pictures/98152275-b375-4e07-a391-fca0e7b6b28c-profile_image-300x300.png
Mushu,2 232,À distance,https://twitch.tv/mushu,avatars/Mushu.png,https://static-cdn.jtvnw.net/jtv_user_pictures/cee3face-2a2d-4755-a2d0-d48fef0b147b-profile_image-300x300.png
Music_Oceane,2 771,À distance,https://twitch.tv/music_oceane,avatars/Music_Oceane.png,https://static-cdn.jtvnw.net/jtv_user_pictures/1e216a8f-127f-45bf-876d-f28487d2fc75-profile_image-300x300.png
Mynthos,44 657,Sur place,https://twitch.tv/mynthos,avatars/Mynthos.png,https://static-cdn.jtvnw.net/jtv_user_pictures/003f0223-e33a-422a-8e7e-a06cc8c48d11-profile_image-300x300.png
n0tizi,455,À distance,https://twitch.tv/n0tizi,avatars/n0tizi.png,https://static-cdn.jtvnw.net/jtv_user_pictures/938a59d0-2587-4914-bbfb-1f6c6a0afd32-profile_image-300x300.png
NakaStream,6 111,À distance,https://twitch.tv/nakastream,avatars/NakaStream.png,https://static-cdn.jtvnw.net/jtv_user_pictures/5edeccc3-9f0d-414b-a79c-960f7b58d5a0-profile_image-300x300.png
nanie_nao,6 315,À distance,https://twitch.tv/nanie_nao,avatars/nanie_nao.png,https://static-cdn.jtvnw.net/jtv_user_pictures/a4844bfc-a18e-4b73-aa6d-325aa73d02b3-profile_image-300x300.png
Natsuko,2 025,À distance,https://twitch.tv/natsuko,avatars/Natsuko.png,https://static-cdn.jtvnw.net/jtv_user_pictures/3e82bfbf-801c-4654-8e3e-44e5fbe75a14-profile_image-300x300.png
NECOtho,3 393,À distance,https://twitch.tv/necotho,avatars/NECOtho.png,https://static-cdn.jtvnw.net/jtv_user_pictures/07f40115-e1f6-4fbd-b35a-1ed9aa1a8f06-profile_image-300x300.png
Nejda,6 100,À distance,https://twitch.tv/nejda,avatars/Nejda.png,https://static-cdn.jtvnw.net/jtv_user_pictures/880aadda-c5ff-42d2-a245-f51e52d4daae-profile_image-300x300.png
NerdFactory,3 055,À distance,https://twitch.tv/nerdfactory,avatars/NerdFactory.png,https://static-cdn.jtvnw.net/jtv_user_pictures/d01c43ae-7ca9-42d4-96b0-3a11eb29e5b2-profile_image-300x300.png
Neru,1 500,À distance,https://twitch.tv/neru,avatars/Neru.png,https://static-cdn.jtvnw.net/jtv_user_pictures/66802367-89d0-407b-86a0-80560251b60d-profile_image-300x300.png
Nia_c,800,À distance,https://twitch.tv/nia_c,avatars/Nia_c.png,https://static-cdn.jtvnw.net/jtv_user_pictures/31008043-b340-4813-8cc6-321f265cba3e-profile_image-300x300.png
Nico_la,158 206,Sur place,https://twitch.tv/nico_la,avatars/Nico_la.png,https://static-cdn.jtvnw.net/jtv_user_pictures/d72e4845-0556-4433-b3be-efcb1a34bb3a-profile_image-300x300.png
NihiilTV,1 142,À distance,https://twitch.tv/nihiiltv,avatars/NihiilTV.png,https://static-cdn.jtvnw.net/jtv_user_pictures/0efe24b7-5c91-4679-a259-383e086a84e8-profile_image-300x300.png
NikoTB_,3 161,À distance,https://twitch.tv/nikotb_,avatars/NikoTB_.png,https://static-cdn.jtvnw.net/jtv_user_pictures/e9818d7c-1fe5-4e91-9840-8e36bae0c3fd-profile_image-300x300.png
nogodi,20 839,À distance,https://twitch.tv/nogodi,avatars/nogodi.png,https://static-cdn.jtvnw.net/jtv_user_pictures/60da949d-4836-4c2b-84f8-7ed6ee98be40-profile_image-300x300.png
Noki_Pubg,3 201,À distance,https://twitch.tv/noki_pubg,avatars/Noki_Pubg.png,https://static-cdn.jtvnw.net/jtv_user_pictures/43d5c825-3c84-4356-875a-bb793f6646bc-profile_image-300x300.png
Nunakeau,3 404,À distance,https://twitch.tv/nunakeau,avatars/Nunakeau.png,https://static-cdn.jtvnw.net/jtv_user_pictures/a17c018f-55d2-498f-a707-68bf1d4196f1-profile_image-300x300.png
Nyamassis,4 444,À distance,https://twitch.tv/nyamassis,avatars/Nyamassis.png,https://static-cdn.jtvnw.net/jtv_user_pictures/83beed00-75a6-479d-8faa-b6932989792a-profile_image-300x300.png
Nykho,1 301,À distance,https://twitch.tv/nykho,avatars/Nykho.png,https://static-cdn.jtvnw.net/jtv_user_pictures/fec7caa0-d4b9-43fb-bc20-6bd3844326bc-profile_image-300x300.png
Oliarius,5 650,À distance,https://twitch.tv/oliarius,avatars/Oliarius.png,https://static-cdn.jtvnw.net/jtv_user_pictures/41ae5a94-4412-4c4f-98fb-b53c739b1ed4-profile_image-300x300.png
olithinoa,3 032,À distance,https://twitch.tv/olithinoa,avatars/olithinoa.png,https://static-cdn.jtvnw.net/jtv_user_pictures/2ee6721c-6ce7-4ac9-a4a6-659b6078f147-profile_image-300x300.png
OtsunaTV,1 637,À distance,https://twitch.tv/otsunatv,avatars/OtsunaTV.png,https://static-cdn.jtvnw.net/jtv_user_pictures/f1834cef-111f-4749-b741-092063552e84-profile_image-300x300.png
Ouilli,5 812,À distance,https://twitch.tv/ouilli,avatars/Ouilli.png,https://static-cdn.jtvnw.net/jtv_user_pictures/4c8ac2b7-c74d-45ce-a435-df3c8652597c-profile_image-300x300.png
papy_grant,10 060,À distance,https://twitch.tv/papy_grant,avatars/papy_grant.png,https://static-cdn.jtvnw.net/jtv_user_pictures/68817d11-ab73-4456-9913-bb10fde8452f-profile_image-300x300.png
PetitBiscuit_,1 810,À distance,https://twitch.tv/petitbiscuit_,avatars/PetitBiscuit_.png,https://static-cdn.jtvnw.net/jtv_user_pictures/86793e9f-60d1-4f7c-b18e-771bd98a31ca-profile_image-300x300.jpeg
Petitours,3 183,À distance,https://twitch.tv/petitours,avatars/Petitours.png,https://static-cdn.jtvnw.net/jtv_user_pictures/7e8bd35d-659c-4466-94f7-c4fe62f11285-profile_image-300x300.png
Peurle_ow,2 352,À distance,https://twitch.tv/peurle_ow,avatars/Peurle_ow.png,https://static-cdn.jtvnw.net/jtv_user_pictures/940857dc-f35d-4ce9-9035-5c7f32037403-profile_image-300x300.png
PixelOctet,3 510,À distance,https://twitch.tv/pixeloctet,avatars/PixelOctet.png,https://static-cdn.jtvnw.net/jtv_user_pictures/d7d052b7-d176-427d-bca5-94b6c4629404-profile_image-300x300.png
Play_MK8,2 076,À distance,https://twitch.tv/play_mk8,avatars/Play_MK8.png,https://static-cdn.jtvnw.net/jtv_user_pictures/daeb9926-da4f-4c36-9fb6-365a844bb476-profile_image-300x300.png
Poachimpa,4 000,À distance,https://twitch.tv/poachimpa,avatars/Poachimpa.png,https://static-cdn.jtvnw.net/jtv_user_pictures/6d7aa41b-8ac6-4c64-897e-a3a1ab9871d2-profile_image-300x300.png
Ponce,274 953,Sur place,https://twitch.tv/ponce,avatars/Ponce.png,https://static-cdn.jtvnw.net/jtv_user_pictures/d4737061-8f00-49d9-a56f-fcb4a9230b3f-profile_image-300x300.png
Pressea,104 949,Sur place,https://twitch.tv/pressea,avatars/Pressea.png,https://static-cdn.jtvnw.net/jtv_user_pictures/9a7bc102-b199-432f-8afc-bc0796ae8d7a-profile_image-300x300.jpeg
PriscillaLiaud,5 133,À distance,https://twitch.tv/priscillaliaud,avatars/PriscillaLiaud.png,https://static-cdn.jtvnw.net/jtv_user_pictures/b770b4f1-72d5-456a-9ea9-2da2b5101779-profile_image-300x300.png
ProTeam,12 424,À distance,https://twitch.tv/proteam,avatars/ProTeam.png,https://static-cdn.jtvnw.net/jtv_user_pictures/8dcf0119-b220-41c5-a490-59709da82ccd-profile_image-300x300.png
PurpleOfficiel,2 181,À distance,https://twitch.tv/purpleofficiel,avatars/PurpleOfficiel.png,https://static-cdn.jtvnw.net/jtv_user_pictures/fc2ff277-4548-4baf-b58e-4e75217cc0f4-profile_image-300x300.png
PwnZ_,1 370,À distance,https://twitch.tv/pwnz_,avatars/PwnZ_.png,https://static-cdn.jtvnw.net/jtv_user_pictures/0c139f46-6b15-422d-99b2-8a4a644a1bc7-profile_image-300x300.png
R3YMANN,1 890,À distance,https://twitch.tv/r3ymann,avatars/R3YMANN.png,https://static-cdn.jtvnw.net/jtv_user_pictures/7e153d1c-6307-45a0-b828-2959fb035045-profile_image-300x300.png
RavenCross,2 040,À distance,https://twitch.tv/ravencross,avatars/RavenCross.png,https://static-cdn.jtvnw.net/jtv_user_pictures/ravencross-profile_image-6f925bbf157a4b5a-300x300.png
RBcop_,38,À distance,https://twitch.tv/rbcop_,avatars/RBcop_.png,https://static-cdn.jtvnw.net/jtv_user_pictures/2f83f66a-bd5e-4b0c-8bb1-a1a8a26ab0e8-profile_image-300x300.png
Recalbox,23 511,À distance,https://twitch.tv/recalbox,avatars/Recalbox.png,https://static-cdn.jtvnw.net/jtv_user_pictures/a2924328-12d4-44aa-9863-cfbc3d6f4f83-profile_image-300x300.jpg
Recharg_ing,1 031,À distance,https://twitch.tv/recharg_ing,avatars/Recharg_ing.png,https://static-cdn.jtvnw.net/jtv_user_pictures/e2bbcc14-9814-4902-9a3a-eefd5cfb6710-profile_image-300x300.png
Redairazor,14 297,À distance,https://twitch.tv/redairazor,avatars/Redairazor.png,https://static-cdn.jtvnw.net/jtv_user_pictures/6dd73004-cef9-4d45-ac5b-d90ab88e74c2-profile_image-300x300.png
RiboDansLaSauce,16 071,À distance,https://twitch.tv/ribodanslasauce,avatars/RiboDansLaSauce.png,https://static-cdn.jtvnw.net/jtv_user_pictures/e8ca568e-b754-4ba0-91df-1aa0be5bf61e-profile_image-300x300.jpeg
Rivenzi,104 531,Sur place,https://twitch.tv/rivenzi,avatars/Rivenzi.png,https://static-cdn.jtvnw.net/jtv_user_pictures/782b207a-49a2-418b-bf0d-ef3f0262d0f3-profile_image-300x300.png
Roi_Louis,10 052,À distance,https://twitch.tv/roi_louis,avatars/Roi_Louis.png,https://static-cdn.jtvnw.net/jtv_user_pictures/54dc5de0-f76c-4ea9-831a-b82aeb766272-profile_image-300x300.png
Ryuuna_VT,5 470,À distance,https://twitch.tv/ryuuna_vt,avatars/Ryuuna_VT.png,https://static-cdn.jtvnw.net/jtv_user_pictures/253d683b-bd43-440d-b91d-7c7a47bbef3a-profile_image-300x300.png
Sakor_,25 331,Sur place,https://twitch.tv/sakor_,avatars/Sakor_.png,https://static-cdn.jtvnw.net/jtv_user_pictures/9048e22a-75cc-451d-b318-1d26e9be8cea-profile_image-300x300.png
samueletienne,403 097,Sur place,https://twitch.tv/samueletienne,avatars/samueletienne.png,https://static-cdn.jtvnw.net/jtv_user_pictures/6a421038-d455-41ed-9705-b32909ca182a-profile_image-300x300.png
saniahasna,1 245,À distance,https://twitch.tv/saniahasna,avatars/saniahasna.png,https://static-cdn.jtvnw.net/jtv_user_pictures/520d4310-275e-4011-b146-0dd0fb5e4264-profile_image-300x300.png
SAPEUH,4 066,À distance,https://twitch.tv/sapeuh,avatars/SAPEUH.png,https://static-cdn.jtvnw.net/jtv_user_pictures/d4ba8fc5-af88-427a-8aca-83cebcd1d443-profile_image-300x300.png
Saruei,17 471,À distance,https://twitch.tv/saruei,avatars/Saruei.png,https://static-cdn.jtvnw.net/jtv_user_pictures/b9cea023-ce83-4da8-a0c4-b0a0665e1ed5-profile_image-300x300.png
Sawpalin,4 840,À distance,https://twitch.tv/sawpalin,avatars/Sawpalin.png,https://static-cdn.jtvnw.net/jtv_user_pictures/192a288e-9ef3-4097-8a38-77927a46d788-profile_image-300x300.png
Schkaia,1 700,À distance,https://twitch.tv/schkaia,avatars/Schkaia.png,https://static-cdn.jtvnw.net/jtv_user_pictures/d01e5ca3-4420-40d1-8cdc-7bbfe028ffc5-profile_image-300x300.png
Scok,6 711,À distance,https://twitch.tv/scok,avatars/Scok.png,https://static-cdn.jtvnw.net/jtv_user_pictures/7e602df2f2647b96-profile_image-300x300.png
SEROTHS,4 264,À distance,https://twitch.tv/seroths,avatars/SEROTHS.png,https://static-cdn.jtvnw.net/jtv_user_pictures/0674d094-b768-450a-bda2-6efe14945718-profile_image-300x300.png
Sgauth,6 032,À distance,https://twitch.tv/sgauth,avatars/Sgauth.png,https://static-cdn.jtvnw.net/jtv_user_pictures/e3c42662-0dc4-4151-a795-9756c985e696-profile_image-300x300.png
Shakaam,3 165,À distance,https://twitch.tv/shakaam,avatars/Shakaam.png,https://static-cdn.jtvnw.net/jtv_user_pictures/12f8f26b-cc89-48c8-82ff-f7f604e7bdd5-profile_image-300x300.png
Shisheyu,183 144,Sur place,https://twitch.tv/shisheyu,avatars/Shisheyu.png,https://static-cdn.jtvnw.net/jtv_user_pictures/e27418ef-d1a0-416d-bb30-4d3e4fe03883-profile_image-300x300.png
shubbley,2 324,À distance,https://twitch.tv/shubbley,avatars/shubbley.png,https://static-cdn.jtvnw.net/jtv_user_pictures/cb4f88fb-dfe6-4dd0-abe6-014f0a29a642-profile_image-300x300.png
Shynouh,4 056,À distance,https://twitch.tv/shynouh,avatars/Shynouh.png,https://static-cdn.jtvnw.net/jtv_user_pictures/3c072707-1441-46e6-a695-75fc330a3134-profile_image-300x300.png
SixenTv,25 137,À distance,https://twitch.tv/sixentv,avatars/SixenTv.png,https://static-cdn.jtvnw.net/jtv_user_pictures/b19a949e-44e0-459b-a327-7f79b71a1a49-profile_image-300x300.png
Skerax,5 603,À distance,https://twitch.tv/skerax,avatars/Skerax.png,https://static-cdn.jtvnw.net/jtv_user_pictures/1017b86c-dc05-4126-b843-2bd015e6b080-profile_image-300x300.png
Skyzio_,1 720,À distance,https://twitch.tv/skyzio_,avatars/Skyzio_.png,https://static-cdn.jtvnw.net/jtv_user_pictures/b35a07e7-1c71-4877-b927-ddb426ebba6c-profile_image-300x300.png
Slyders_HS,4 537,À distance,https://twitch.tv/slyders_hs,avatars/Slyders_HS.png,https://static-cdn.jtvnw.net/jtv_user_pictures/72222da7-7d69-4e7b-b21a-e616e705e85a-profile_image-300x300.png
SoHarumi,3 516,À distance,https://twitch.tv/soharumi,avatars/SoHarumi.png,https://static-cdn.jtvnw.net/jtv_user_pictures/a8d1a88f-8623-4a84-b2c0-70e9e391978f-profile_image-300x300.jpeg
Sol_Hms,33 841,À distance,https://twitch.tv/sol_hms,avatars/Sol_Hms.png,https://static-cdn.jtvnw.net/jtv_user_pictures/16732d04-db77-4491-841a-ed1c4f433b68-profile_image-300x300.png
SolaryHS,27 397,À distance,https://twitch.tv/solaryhs,avatars/SolaryHS.png,https://static-cdn.jtvnw.net/jtv_user_pictures/6db903c8-5eea-4815-b36e-4acb0e6dbf90-profile_image-300x300.jpeg
Solkarine,2 322,À distance,https://twitch.tv/solkarine,avatars/Solkarine.png,https://static-cdn.jtvnw.net/jtv_user_pictures/7a9c92a1-e2b2-48b0-83b5-619d8e4ad75f-profile_image-300x300.png
Splinter,18 431,À distance,https://twitch.tv/splinter,avatars/Splinter.png,https://static-cdn.jtvnw.net/jtv_user_pictures/6585339d-60db-4217-8fb2-ccdd7715a3f6-profile_image-300x300.png
Sratuke,12 533,À distance,https://twitch.tv/sratuke,avatars/Sratuke.png,https://static-cdn.jtvnw.net/jtv_user_pictures/be3d3bd2-3eef-4f49-b075-1cfbd935b57d-profile_image-300x300.png
Ss7even,735,À distance,https://twitch.tv/ss7even,avatars/Ss7even.png,https://static-cdn.jtvnw.net/jtv_user_pictures/e282d385-a9f9-4572-a42c-f5719d661e23-profile_image-300x300.png
St0neTV,4 000,À distance,https://twitch.tv/st0netv,avatars/St0neTV.png,https://static-cdn.jtvnw.net/jtv_user_pictures/e6d513fb-62e5-4f42-bfda-baf8a98f61b1-profile_image-300x300.png
StanRenart,6 703,À distance,https://twitch.tv/stanrenart,avatars/StanRenart.png,https://static-cdn.jtvnw.net/jtv_user_pictures/38fb1c44-6e77-4eb9-939c-ef4b74d8e1a6-profile_image-300x300.png
StelliosOW,2 368,À distance,https://twitch.tv/stelliosow,avatars/StelliosOW.png,https://static-cdn.jtvnw.net/jtv_user_pictures/91218870-21a6-4316-9b06-450a367bcb13-profile_image-300x300.png
Strey_LoL,11 129,À distance,https://twitch.tv/strey_lol,avatars/Strey_LoL.png,https://static-cdn.jtvnw.net/jtv_user_pictures/ec168580-c792-4d8c-bc67-18aca3e3b4c7-profile_image-300x300.png
Sturry316,26 151,À distance,https://twitch.tv/sturry316,avatars/Sturry316.png,https://static-cdn.jtvnw.net/jtv_user_pictures/61973a89-80cc-4a81-81a5-8ff5d5b2d5e6-profile_image-300x300.png
Sundae,43 956,Sur place,https://twitch.tv/sundae,avatars/Sundae.png,https://static-cdn.jtvnw.net/jtv_user_pictures/5c9335f8-cc6c-45aa-970e-70b9e28e8843-profile_image-300x300.png
SwiFiiii,100,À distance,https://twitch.tv/swifiiii,avatars/SwiFiiii.png,https://static-cdn.jtvnw.net/jtv_user_pictures/563fd459-cf67-47fd-93b9-845ad0ad0d81-profile_image-300x300.png
SylvainLyve,402 050,Sur place,https://twitch.tv/sylvainlyve,avatars/SylvainLyve.png,https://static-cdn.jtvnw.net/jtv_user_pictures/032798ed-08fc-47c4-a8a0-d97d652a71aa-profile_image-300x300.png
Symphoniya_,3 055,À distance,https://twitch.tv/symphoniya_,avatars/Symphoniya_.png,https://static-cdn.jtvnw.net/jtv_user_pictures/07878c1e-d2e3-44a5-84ba-c2483d002512-profile_image-300x300.png
Taelth,1 711,À distance,https://twitch.tv/taelth,avatars/Taelth.png,https://static-cdn.jtvnw.net/jtv_user_pictures/d40a6190-0808-444f-9539-5e4240a30645-profile_image-300x300.png
Tamaroush_,5 703,À distance,https://twitch.tv/tamaroush_,avatars/Tamaroush_.png,https://static-cdn.jtvnw.net/jtv_user_pictures/909c2fe8-b959-4e9c-bbd8-effd93fac174-profile_image-300x300.png
TCHOUUKI,10 678,À distance,https://twitch.tv/tchouuki,avatars/TCHOUUKI.png,https://static-cdn.jtvnw.net/jtv_user_pictures/2b736d85-003d-46f9-9c2e-df04e4ae23d6-profile_image-300x300.png
TEHLeadersheep,5 331,À distance,https://twitch.tv/tehleadersheep,avatars/TEHLeadersheep.png,https://static-cdn.jtvnw.net/jtv_user_pictures/f8355c85-f09f-4e01-9a0d-2cd0d1014d54-profile_image-300x300.png
Teuff_,3 633,À distance,https://twitch.tv/teuff_,avatars/Teuff_.png,https://static-cdn.jtvnw.net/jtv_user_pictures/221b0586-3236-469e-8f0b-f27c16e38c64-profile_image-300x300.png
Thefoxeur,1 337,À distance,https://twitch.tv/thefoxeur,avatars/Thefoxeur.png,https://static-cdn.jtvnw.net/jtv_user_pictures/3b3b057e-1f77-4941-8fbd-9e0e2a4846be-profile_image-300x300.png
TheGreatReview,68 032,Sur place,https://twitch.tv/thegreatreview,avatars/TheGreatReview.png,https://static-cdn.jtvnw.net/jtv_user_pictures/4b1feb0e-71f7-480c-b619-20fcae623345-profile_image-300x300.png
TheGuill84,126 349,Sur place,https://twitch.tv/theguill84,avatars/TheGuill84.png,https://static-cdn.jtvnw.net/jtv_user_pictures/81b200bd-a84c-49fc-8234-26e8457e520a-profile_image-300x300.jpeg
TheHolomovement,16 905,À distance,https://twitch.tv/theholomovement,avatars/TheHolomovement.png,https://static-cdn.jtvnw.net/jtv_user_pictures/9576286d-4bae-4e15-943f-5b6ab0e6571c-profile_image-300x300.png
theodort,11 509,Sur place,https://twitch.tv/theodort,avatars/theodort.png,https://static-cdn.jtvnw.net/jtv_user_pictures/6df4caf1-4323-4b40-9a4b-adfaf0d348fc-profile_image-300x300.png
TipStevens,22 174,À distance,https://twitch.tv/tipstevens,avatars/TipStevens.png,https://static-cdn.jtvnw.net/jtv_user_pictures/8c08d606-6fa5-4a11-ac12-bce7bd6de58d-profile_image-300x300.png
TogaLock_fr,13 001,À distance,https://twitch.tv/togalock_fr,avatars/TogaLock_fr.png,https://static-cdn.jtvnw.net/jtv_user_pictures/6314cec5-059d-421b-adb3-af76c05da1d1-profile_image-300x300.png
ToulouseLastStock,3 271,À distance,https://twitch.tv/toulouselaststock,avatars/ToulouseLastStock.png,https://static-cdn.jtvnw.net/jtv_user_pictures/bac958d9-45af-452f-a060-1b3b96badc38-profile_image-300x300.png
Trinity,35 237,Sur place,https://twitch.tv/trinity,avatars/Trinity.png,https://static-cdn.jtvnw.net/jtv_user_pictures/1e95c83c-37fb-4f53-8f6c-a7a8615e9e4c-profile_image-300x300.png
Tsunadida,4 051,À distance,https://twitch.tv/tsunadida,avatars/Tsunadida.png,https://static-cdn.jtvnw.net/jtv_user_pictures/3cbec248-2c3d-4e97-a52d-b2c817a4c22a-profile_image-300x300.png
Ultia,125 685,Sur place,https://twitch.tv/ultia,avatars/Ultia.png,https://static-cdn.jtvnw.net/jtv_user_pictures/5e6a5413-b748-4880-8a60-2639cb55fe74-profile_image-300x300.png
Varg31,10 222,À distance,https://twitch.tv/varg31,avatars/Varg31.png,https://static-cdn.jtvnw.net/jtv_user_pictures/3695a58d-2010-4930-91e2-e5f2593a7182-profile_image-300x300.png
Verveine_,1 540,À distance,https://twitch.tv/verveine_,avatars/Verveine_.png,https://static-cdn.jtvnw.net/jtv_user_pictures/a926fd9c-6915-4d9d-af90-a6bd7b510901-profile_image-300x300.png
Voxioo,1 140,À distance,https://twitch.tv/voxioo,avatars/Voxioo.png,https://static-cdn.jtvnw.net/jtv_user_pictures/2d892eaf-dfc3-49f8-ad45-aa3de619f65c-profile_image-300x300.png
VulvyQueen,4 200,À distance,https://twitch.tv/vulvyqueen,avatars/VulvyQueen.png,https://static-cdn.jtvnw.net/jtv_user_pictures/aa7ba106-da22-48cb-8534-1a2a6abdc86c-profile_image-300x300.png
WarhaDventure,5 066,À distance,https://twitch.tv/warhadventure,avatars/WarhaDventure.png,https://static-cdn.jtvnw.net/jtv_user_pictures/d3b95f62-50ce-43f9-bafd-dfae9d420afb-profile_image-300x300.jpeg
Welliah,1 035,À distance,https://twitch.tv/welliah,avatars/Welliah.png,https://static-cdn.jtvnw.net/jtv_user_pictures/af455d08-1658-4139-a500-37f96fef583f-profile_image-300x300.png
Windsurfer2105,2 731,À distance,https://twitch.tv/windsurfer2105,avatars/Windsurfer2105.png,https://static-cdn.jtvnw.net/jtv_user_pictures/df7c6670-e83f-443d-850a-054ca9651a93-profile_image-300x300.png
Wingo,1 631,À distance,https://twitch.tv/wingo,avatars/Wingo.png,https://static-cdn.jtvnw.net/jtv_user_pictures/c23e244b-8a05-4dd6-9569-5490eb97c613-profile_image-300x300.png
Yannock_,3 510,À distance,https://twitch.tv/yannock_,avatars/Yannock_.png,https://static-cdn.jtvnw.net/jtv_user_pictures/baecba18-b902-42be-8598-b5323765a5e9-profile_image-300x300.png
Yodahkiin_,2 355,À distance,https://twitch.tv/yodahkiin_,avatars/Yodahkiin_.png,https://static-cdn.jtvnw.net/jtv_user_pictures/f8c67d51-f06e-4dda-9713-85690107d149-profile_image-300x300.png
Ysadhora,2 192,À distance,https://twitch.tv/ysadhora,avatars/Ysadhora.png,https://static-cdn.jtvnw.net/jtv_user_pictures/2dfda43c-da13-405a-9f96-826a95054e81-profile_image-300x300.png
zacknani,202 382,Sur place,https://twitch.tv/zacknani,avatars/zacknani.png,https://static-cdn.jtvnw.net/jtv_user_pictures/46301a70-a0bd-4721-8505-6422ae194cf9-profile_image-300x300.png
Zayphira,5 121,À distance,https://twitch.tv/zayphira,avatars/Zayphira.png,https://static-cdn.jtvnw.net/jtv_user_pictures/5ffb1965-9654-4823-bdcf-643b27ff0a88-profile_image-300x300.png
ZeratoR,1 154 212,Sur place,https://twitch.tv/zerator,avatars/ZeratoR.png,https://static-cdn.jtvnw.net/jtv_user_pictures/599b546a-c27f-4684-93ff-5eeecd01fb2b-profile_image-300x300.png
ZEVENT,54 442,Sur place,https://twitch.tv/zevent,avatars/ZEVENT.png,https://static-cdn.jtvnw.net/jtv_user_pictures/e5854ef2-b281-42c7-b276-928e3ca442c4-profile_image-300x300.png
ZEventPlays,357,Sur place,https://twitch.tv/zeventplays,avatars/ZEventPlays.png,https://static-cdn.jtvnw.net/jtv_user_pictures/a86c71ae-e2ee-422c-8d50-dcb16d0535aa-profile_image-300x300.png
Zimas,6 031,À distance,https://twitch.tv/zimas,avatars/Zimas.png,https://static-cdn.jtvnw.net/jtv_user_pictures/18315513-d7ee-48b6-8034-31698dd753ac-profile_image-300x300.png
